ANDERSON,MARY LISA,SR,PHYS
CHEN,WILLIAM Y,SR,PHYS
DAVIS,DAVID GEORGE,SR,PHYS
GARCIA,SUSAN,SR,PHYSCS
HARRIS,ELIZABETH HELEN,SR,PHYS
JACKSON,LINDA KAREN,SR,PHYS
JOHNSON,DANIEL,SR,PHYS
JONES,MICHAEL M,SR,PHYS
KIM,JENNIFER,SR,PHYS
MARTINEZ,MARGARET RUTH,SR,PHYS
MILLER,RICHARD K,SR,PHYSCS
MOORE,JOSEPH EDWARD,SR,PHYS
PHAM,DOROTHY T,SR,PHYS
SHAPIRO,DAVID BENJAMIN,SR,PHYSCS
SMITH,JAMES CHRISTOPHER,SR,PHYS
THOMAS,PATRICIA N,SR,PHYS
WANG,MARIA DONNA,SR,PHYSCS
WHITE,BARBARA,SR,PHYS
WILLIAMS,ROBERT PAUL,SR,PHYSCS
WILSON,CHARLES STEVEN,SR,PHYS
